Date,series,OPEN,HIGH,LOW,PREV. CLOSE,ltp,close,vwap,52W H,52W L,VOLUME,VALUE,No of trades 
24-Apr-19,EQ,397.1,402.65,393.45,396.5,401.6,401.1,397.78,411,256.5,11397163,"4,533,610,328.60",143131
25-Apr-19,EQ,400.9,402.4,394.3,401.1,395.65,395.4,398.27,411,256.5,16524091,"6,581,039,961.40",116341
26-Apr-19,EQ,400,408,394.25,395.4,407.2,407.2,402.32,411,256.5,14286163,"5,747,563,971.80",132349
30-Apr-19,EQ,407.75,409.8,403.3,407.2,405.75,407.5,407.21,411,256.5,19375553,"7,889,956,795.35",226795
2-May-19,EQ,403.7,405,394.4,407.5,394.75,395.55,399.85,411,256.5,16572948,"6,626,740,084.20",190606
3-May-19,EQ,397.15,405.2,394.7,395.55,402.75,401.8,400.66,411,256.5,24431248,"9,788,606,916.70",212947
6-May-19,EQ,396.5,404.9,394.65,401.8,401.8,401.3,400.54,411,256.5,20751521,"8,311,728,382.90",158585
7-May-19,EQ,398,407.35,384.3,401.3,386.2,386.5,397.17,411,256.5,41519416,"16,490,179,115.40",279913
8-May-19,EQ,386.3,390,380.1,386.5,382.4,382.2,384.93,411,256.5,22509400,"8,664,635,645.50",220402
9-May-19,EQ,380.95,385.7,377.55,382.2,382,381.4,382.09,411,256.5,19739885,"7,542,390,728.75",252857
10-May-19,EQ,383.5,389.2,382.25,381.4,383.65,385.1,385.98,411,256.5,18361701,"7,087,276,209.60",147926
13-May-19,EQ,385,385.75,375.25,385.1,377.4,376.3,380.82,411,256.5,13828080,"5,266,051,878.70",140044
14-May-19,EQ,378.1,386.75,376.5,376.3,381.5,380.4,382.41,411,256.5,21481226,"8,214,663,938.30",181017
15-May-19,EQ,382.35,384.5,375.8,380.4,376.8,377.05,381.46,411,256.5,16183425,"6,173,380,127.75",150965
16-May-19,EQ,379,385,377.55,377.05,382.95,382.5,380.92,411,256.5,13430281,"5,115,876,985.60",105722
17-May-19,EQ,381.2,392,380.75,382.5,391.15,389.7,386.58,411,256.5,19096980,"7,382,538,891.45",215267
20-May-19,EQ,405.25,414,402,389.7,408.25,407.7,409.17,414,256.5,33350816,"13,646,075,945.60",259299
21-May-19,EQ,408.6,410.8,397.6,407.7,400.3,400.15,404.16,414,256.5,18286421,"7,390,653,909.15",163681
22-May-19,EQ,403,408.4,401.55,400.15,405.4,405.35,406.02,414,256.5,15370847,"6,240,850,925.65",158227
23-May-19,EQ,414,427.95,407.4,405.35,411.5,410.85,417.39,427.95,256.5,43279956,"18,064,470,981.55",298790
24-May-19,EQ,415.5,433.55,412.65,410.85,432.5,431.75,424.41,433.55,256.5,37708344,"16,003,750,690.45",229368
27-May-19,EQ,432.25,438.8,429.65,431.75,435.05,435.5,433.75,438.8,256.5,23397222,"10,148,567,219.20",179032
28-May-19,EQ,435.05,439.2,428.1,435.5,437,434.3,433.06,439.2,256.5,23389724,"10,129,200,998.60",186290
29-May-19,EQ,428.6,430.45,422.1,434.3,423.5,423.3,425.79,439.2,256.5,22132254,"9,423,765,484.15",179051
30-May-19,EQ,420.85,428,419.6,423.3,427.95,426.2,424.71,439.2,256.5,18281037,"7,764,104,262.10",135223
31-May-19,EQ,427,430.2,414.3,426.2,421.6,423.7,424.04,439.2,256.5,24644955,"10,450,423,694.70",244210
3-Jun-19,EQ,426,426.4,419.6,423.7,422.85,422.9,423.15,439.2,256.5,17125380,"7,246,549,134.60",224891
4-Jun-19,EQ,417.7,422.75,417.5,422.9,419,419.1,420,439.2,256.5,14514451,"6,096,070,587.90",113081
6-Jun-19,EQ,417.4,417.85,410.35,419.1,411.3,411.55,414.37,439.2,256.5,17762399,"7,360,203,167.85",157316
7-Jun-19,EQ,413.5,418.95,407.9,411.55,417.45,416.6,414.74,439.2,256.5,14107696,"5,851,027,471.25",147237
10-Jun-19,EQ,418.9,422.75,413,416.6,416.1,416.1,417.03,439.2,256.5,13074522,"5,452,431,738.40",148593
11-Jun-19,EQ,418.45,423.7,413.05,416.1,422,421.35,419.85,439.2,256.5,10939138,"4,592,812,523.20",111196
12-Jun-19,EQ,422,422,414.8,421.35,418.6,418,417.27,439.2,256.5,11136959,"4,647,163,886.75",96797
13-Jun-19,EQ,416.7,422.3,415.3,418,420.15,419.6,418.62,439.2,256.5,12164077,"5,092,118,754.15",126343
14-Jun-19,EQ,420.3,422,416.1,419.6,417.6,417.75,418.86,439.2,256.5,8601256,"3,602,745,408.60",114906
17-Jun-19,EQ,418.95,419.7,413.15,417.75,414.8,414.2,415.63,439.2,256.5,9539802,"3,964,982,807.85",83520
18-Jun-19,EQ,415.45,426.05,415.1,414.2,422.4,422.15,421.58,439.2,256.5,17761348,"7,487,788,911.70",167423
19-Jun-19,EQ,423.75,426,417.35,422.15,421.1,419.8,422.34,439.2,256.5,17010384,"7,184,114,383.95",160346
20-Jun-19,EQ,419.75,434.65,419,419.8,433,433.4,427.74,439.2,256.5,24315929,"10,400,898,894.45",234583
21-Jun-19,EQ,434.2,435.2,428.85,433.4,431,430.8,431.95,439.2,256.5,13909654,"6,008,334,356.85",112785
24-Jun-19,EQ,431.45,433.8,428.2,430.8,430.15,429.45,430.92,439.2,256.5,8545999,"3,682,615,225.10",121147
25-Jun-19,EQ,427.9,434.8,424.6,429.45,433,433.65,429.37,439.2,256.5,12964387,"5,566,569,759.85",109615
26-Jun-19,EQ,432.5,440,432.5,433.65,438.2,438.65,437.59,440,256.5,12261068,"5,365,262,507.45",110991
27-Jun-19,EQ,438,443.9,437.6,438.65,439.3,440.95,441.05,443.9,256.5,18787957,"8,286,503,742.30",112986
28-Jun-19,EQ,439.5,440.5,433.6,440.95,436.7,437.1,437.24,443.9,256.5,13459208,"5,884,939,193.90",124084
1-Jul-19,EQ,439.5,442,437.7,437.1,438,439,440.52,443.9,256.5,6871979,"3,027,269,268.25",81553
2-Jul-19,EQ,439,440,433.6,439,436.9,436.75,436.41,443.9,256.5,7787303,"3,398,464,352.35",108074
3-Jul-19,EQ,437.9,440,434.2,436.75,435.55,435.95,436.58,443.9,256.5,10415896,"4,547,375,341.35",124380
4-Jul-19,EQ,438,441.4,434.1,435.95,434.4,436.2,438.41,443.9,256.5,11810688,"5,177,940,304.65",112042
5-Jul-19,EQ,436.45,439.9,433.2,436.2,435.65,436.35,436.79,443.9,256.5,12154330,"5,308,871,074.15",95496
8-Jul-19,EQ,434,435.35,422,436.35,426.75,425.9,427.7,443.9,256.5,12184946,"5,211,553,599.15",121950
9-Jul-19,EQ,426,429.8,424.65,425.9,428.1,428.5,427.87,443.9,256.5,11679067,"4,997,093,443.50",134841
10-Jul-19,EQ,430,432.7,427.2,428.5,431.7,430.9,430.21,443.9,256.5,16494282,"7,095,953,645.35",140226
11-Jul-19,EQ,432.65,432.9,424.8,430.9,425.85,426.55,426.97,443.9,256.5,16535185,"7,060,047,738.65",181487
12-Jul-19,EQ,427.3,433,424,426.55,427.3,427.05,427.77,443.9,256.5,8824728,"3,774,992,119.05",96466
15-Jul-19,EQ,428.4,428.4,421.6,427.05,422.55,422.3,423.79,443.9,256.5,7825336,"3,316,303,938.45",89202
16-Jul-19,EQ,421.55,430.55,421.55,422.3,424.75,424.6,427.13,443.9,256.5,12149205,"5,189,289,509.20",145662
17-Jul-19,EQ,424.6,427.05,422.5,424.6,424.4,424.7,424.69,443.9,256.5,10961022,"4,655,039,847.80",122652
18-Jul-19,EQ,425,425.5,417.5,424.7,418.65,418.65,421.3,443.9,256.5,10651654,"4,487,535,587.65",116600
19-Jul-19,EQ,419.9,420.35,408.5,418.65,411.8,410.3,413.12,443.9,256.5,12260757,"5,065,177,929.30",192447
22-Jul-19,EQ,409.75,412.95,404.25,410.3,411.85,411.5,409.91,443.9,265.35,17937246,"7,352,709,902.10",145004
23-Jul-19,EQ,412.8,416,409.75,411.5,410.9,411.95,413.88,443.9,265.35,14207080,"5,880,090,845.20",148413
24-Jul-19,EQ,411.85,411.85,401.7,411.95,407.9,408.5,406.86,443.9,265.35,16505930,"6,715,646,902.70",172030
25-Jul-19,EQ,409.2,413.85,405.3,408.5,410.25,409,409,443.9,265.35,16852479,"6,892,665,789.25",170631
26-Jul-19,EQ,410.25,419.4,408.55,409,419.15,415.75,413.72,443.9,265.35,17493739,"7,237,591,426.75",170388
29-Jul-19,EQ,433,435.35,425.3,415.75,427.8,429.35,430.36,443.9,294.1,46754670,"20,121,277,371.75",440893
30-Jul-19,EQ,433,438.7,422.75,429.35,427.25,425.35,432.02,443.9,294.1,23617273,"10,203,148,627.45",233146
31-Jul-19,EQ,423.9,430.2,421.2,425.35,425.85,424.6,425.24,443.9,294.1,22329888,"9,495,605,716.75",194617
1-Aug-19,EQ,423.25,426.35,410.65,424.6,418.65,417.05,419.1,443.9,294.1,18269866,"7,656,815,097.95",193930
2-Aug-19,EQ,413.9,417.85,405.5,417.05,411,410.6,410.35,443.9,294.1,30939803,"12,696,139,252.30",243291
5-Aug-19,EQ,403.65,406.65,395.75,410.6,403.05,402.65,401.22,443.9,294.8,25033370,"10,043,943,342.85",242846
6-Aug-19,EQ,401,411.5,400.9,402.65,410.55,410.25,408.32,443.9,294.8,30665326,"12,521,214,684.25",301347
7-Aug-19,EQ,409.3,415,406.3,410.25,407.4,408.4,411.55,443.9,294.8,20977349,"8,633,243,520.35",154794
8-Aug-19,EQ,411,416.6,404.15,408.4,416.25,414.4,409.14,443.9,294.8,19046657,"7,792,706,984.85",154895
9-Aug-19,EQ,416.5,422.4,414.5,414.4,421.35,420.15,419.14,443.9,294.8,17664017,"7,403,662,920.75",127933
13-Aug-19,EQ,417,421.7,409.15,420.15,409.85,410.25,415.92,443.9,294.8,18389104,"7,648,346,484.30",221004
14-Aug-19,EQ,411.9,422.2,411.25,410.25,416.9,417.3,418.24,443.9,294.8,13307755,"5,565,883,355.20",147540
16-Aug-19,EQ,417.8,420,412.1,417.3,419.2,418.95,416.36,443.9,294.8,15154141,"6,309,578,175.10",162922
19-Aug-19,EQ,420.1,427.9,420.1,418.95,423.45,423.4,424.67,443.9,294.8,12304262,"5,225,224,537.50",122571
20-Aug-19,EQ,420.8,423.2,412.5,423.4,416.65,416.9,417.39,443.9,294.8,16181488,"6,753,998,015.40",163209
21-Aug-19,EQ,416,418.7,410.55,416.9,411.5,412.05,415.25,443.9,294.8,12868183,"5,343,457,015.05",134773
22-Aug-19,EQ,411,412.5,398,412.05,398.85,399.1,404.13,443.9,294.8,18182520,"7,348,057,394.20",190231
23-Aug-19,EQ,389,403.5,385.8,399.1,395.9,395.4,394.27,443.9,294.8,26883695,"10,599,558,654.90",308663
26-Aug-19,EQ,407,414,392.85,395.4,413.25,411.65,404.34,443.9,294.8,26701988,"10,796,549,055.30",212742
27-Aug-19,EQ,412.8,420.5,411.25,411.65,418.4,418.6,417.06,443.9,294.8,28793372,"12,008,603,661.30",266467
28-Aug-19,EQ,418,418.25,409.7,418.6,412.7,412.95,414.46,443.9,294.8,12154347,"5,037,546,077.85",170749
29-Aug-19,EQ,409.9,410.8,399.35,412.95,406.3,404.4,404.32,443.9,294.8,30331105,"12,263,525,189.50",197252
30-Aug-19,EQ,406.5,412.85,402.65,404.4,411.35,409.65,407.42,443.9,294.8,18314194,"7,461,525,667.65",225177
3-Sep-19,EQ,405.05,406.4,391.05,409.65,391.85,392.15,396.27,443.9,294.8,20194305,"8,002,458,000.20",220712
4-Sep-19,EQ,391,399.65,389.9,392.15,397.95,397.5,395.72,443.9,294.8,18614965,"7,366,389,453.35",168152
5-Sep-19,EQ,389.55,394,388,397.5,388.6,389,390.76,443.9,294.8,25022673,"9,777,946,780.00",271033
6-Sep-19,EQ,391,394.5,389.2,389,392.05,391.35,392,443.9,294.8,17564286,"6,885,227,550.90",161875
9-Sep-19,EQ,393,400.4,389.1,391.35,395.85,395.45,396.17,443.9,294.8,18651819,"7,389,247,021.80",165225
11-Sep-19,EQ,394.9,399,393.35,395.45,394.2,394.6,395.79,443.9,294.8,17463978,"6,912,074,095.80",157848
12-Sep-19,EQ,399.65,407.2,399.65,394.6,402.6,402.7,404.39,443.9,294.8,19577114,"7,916,740,655.05",166914
13-Sep-19,EQ,406.8,414.9,400.65,402.7,413.7,413.4,407.77,443.9,294.8,17775449,"7,248,327,670.75",152585
16-Sep-19,EQ,408.5,415.65,406.75,413.4,411.5,412.15,412.22,443.9,294.8,17629622,"7,267,226,167.75",136395
17-Sep-19,EQ,405.85,411.9,398.3,412.15,400.25,400.65,406.05,443.9,294.8,20793363,"8,443,079,215.90",196466
18-Sep-19,EQ,405.45,405.45,396.5,400.65,399.25,399.35,400.63,443.9,294.8,18477377,"7,402,558,812.75",196466
19-Sep-19,EQ,395.7,395.7,384.35,399.35,386.3,386.6,388.74,443.9,294.8,22647508,"8,803,902,969.25",211345
20-Sep-19,EQ,389,424,386.65,386.6,415.75,417.5,411.8,443.9,294.8,75217723,"30,974,402,469.65",481110
23-Sep-19,EQ,435.8,450,428.45,417.5,442,446.3,441.55,450,294.8,57490445,"25,384,929,545.35",453079
24-Sep-19,EQ,441.5,448.65,433.35,446.3,441,440.9,439.43,450,294.8,26639931,"11,706,341,826.85",234931
25-Sep-19,EQ,439.1,440.95,429.6,440.9,434.8,434.2,434.35,450,294.8,19987241,"8,681,434,244.45",203698
26-Sep-19,EQ,439,458.65,438.55,434.2,451.7,451.95,449.49,458.65,294.8,40909369,"18,388,443,640.45",271788
27-Sep-19,EQ,449.5,451.85,443.3,451.95,450,449.2,447.4,458.65,294.8,19432963,"8,694,402,092.25",173588
30-Sep-19,EQ,443.3,445.15,431,449.2,433.8,433.7,436.05,458.65,294.8,27524660,"12,002,099,399.10",206835
1-Oct-19,EQ,436.95,443.2,416.7,433.7,425.6,424.6,431.03,458.65,294.8,30623906,"13,199,943,609.75",264954
3-Oct-19,EQ,424,434.6,422.3,424.6,427.5,427.3,428.76,458.65,294.8,23275379,"9,979,609,655.10",205747
4-Oct-19,EQ,428.5,429.3,412.05,427.3,413.1,413.9,420.96,458.65,294.8,17952697,"7,557,412,589.50",170246
7-Oct-19,EQ,415.1,423.5,411.5,413.9,416.1,416.1,418.29,458.65,298.6,21933703,"9,174,623,042.80",151810
9-Oct-19,EQ,420.25,438.4,417.1,416.1,436.5,436.7,428.51,458.65,298.6,34533981,"14,798,267,533.70",204220
10-Oct-19,EQ,430,431.5,420.5,436.7,424.5,423.7,424.8,458.65,298.6,19074005,"8,102,611,371.10",164265
11-Oct-19,EQ,427.95,433.25,422.1,423.7,427.9,428.55,428.28,458.65,298.6,18004922,"7,711,124,795.75",172683
14-Oct-19,EQ,430,436.4,426,428.55,427.6,428.85,431.06,458.65,309.55,17211042,"7,419,058,636.85",143230
15-Oct-19,EQ,430,435.45,428.2,428.85,432.2,431.85,431.73,458.65,309.55,14971985,"6,463,881,606.95",134995
16-Oct-19,EQ,434.5,439.5,431.15,431.85,435.8,435.3,435.67,458.65,309.55,17833051,"7,769,251,555.70",161578
17-Oct-19,EQ,436,443.35,433.7,435.3,440.75,440.6,438.8,458.65,309.55,12452421,"5,464,134,193.00",133501
18-Oct-19,EQ,437.7,443.7,435.25,440.6,437.1,437.8,438.89,458.65,309.55,15988455,"7,017,206,607.20",123664
22-Oct-19,EQ,440.5,458.7,437.55,437.8,451.75,451.15,451.14,458.7,311.8,34966169,"15,774,471,226.10",290446
23-Oct-19,EQ,452,459,448.2,451.15,456.35,455.1,455.16,459,311.8,25196183,"11,468,295,250.55",340998
24-Oct-19,EQ,457.4,459,451,455.1,455.5,454.75,454.66,459,311.8,23542540,"10,703,831,743.30",261128
25-Oct-19,EQ,457.7,470.65,454.4,454.75,469.2,469.1,463.16,470.65,311.8,34397573,"15,931,420,717.20",253652
27-Oct-19,EQ,471,473.5,465,469.1,467.8,469.55,469.07,473.5,311.8,8207818,"3,850,009,414.10",70202
29-Oct-19,EQ,470.2,482,466.85,469.55,476,477.4,475.14,482,328.3,33686172,"16,005,584,352.00",303796
30-Oct-19,EQ,479,479,470,477.4,470.65,471.15,472.46,482,328.3,22396012,"10,581,202,220.65",263757
31-Oct-19,EQ,475,476.75,461.3,471.15,463.95,463.05,469.53,482,328.3,21198377,"9,953,360,561.35",238072
1-Nov-19,EQ,466.65,466.95,460.5,463.05,462.9,462.25,463.86,482,328.3,13522994,"6,272,808,818.10",117030
4-Nov-19,EQ,463,472.3,463,462.25,471,470.5,469.22,482,336,16254715,"7,627,042,745.75",153946
5-Nov-19,EQ,472.1,474,466.9,470.5,468.25,468.35,469.45,482,336,14952189,"7,019,324,502.65",180825
6-Nov-19,EQ,467.15,483.9,464.75,468.35,480,480.7,476.27,483.9,336,24922680,"11,870,020,810.65",172963
7-Nov-19,EQ,483,483,475.65,480.7,479.6,478.55,478.37,483.9,336,18312032,"8,759,957,484.05",194335
8-Nov-19,EQ,480.75,496,480.3,478.55,490,489.45,489.55,496,336,52207121,"25,558,194,807.45",371240
11-Nov-19,EQ,488,499,484.6,489.45,497.25,496.8,492.53,499,336,24766065,"12,197,944,597.85",223652
13-Nov-19,EQ,496.8,497.5,483.3,496.8,487,485.75,491.56,499,336,24272664,"11,931,577,536.55",227547
14-Nov-19,EQ,489.75,499.85,483.75,485.75,498.05,498.65,492.98,499.85,336,35396276,"17,449,708,738.00",270076
15-Nov-19,EQ,497.85,509.7,496,498.65,498.85,499.85,503.8,509.7,336,42074833,"21,197,467,232.25",276592
18-Nov-19,EQ,498.75,504.45,496.65,499.85,499,498.35,499.88,509.7,336,22910109,"11,452,220,256.20",261393
19-Nov-19,EQ,497.95,502,489.85,498.35,494.3,493.5,496.24,509.7,336,27939336,"13,864,492,100.70",258229
20-Nov-19,EQ,495.2,498,492.5,493.5,494.85,495,495.21,509.7,336,22606112,"11,194,744,009.15",251166
21-Nov-19,EQ,498.1,503.8,491.25,495,499,498.25,498.95,509.7,336,25745594,"12,845,846,675.85",208747
22-Nov-19,EQ,501.1,501.75,492.15,498.25,497.65,496.8,497.43,509.7,336,18462401,"9,183,724,341.85",195716
25-Nov-19,EQ,492,500,491.55,496.8,498.45,497.8,496.19,509.7,336,25692878,"12,748,604,394.30",200426
26-Nov-19,EQ,501.8,517.55,501,497.8,513,510.7,509.65,517.55,336,286857658,"146,195,891,796.85",675515
27-Nov-19,EQ,513.9,515.85,504.3,510.7,506.75,505.5,507.71,517.55,336,29866539,"15,163,592,466.20",223934
28-Nov-19,EQ,509.55,520,508,505.5,518.1,519.15,516.26,520,336,35706498,"18,434,010,957.45",258541
29-Nov-19,EQ,516,516.5,510.3,519.15,512.5,512.6,512.91,520,336,13324549,"6,834,329,288.75",156866
2-Dec-19,EQ,513.45,514,507.25,512.6,510.95,510.9,510.43,520,336,10130049,"5,170,711,728.45",112295
3-Dec-19,EQ,509.75,511.25,504.65,510.9,510.75,509.35,507.72,520,336,12795657,"6,496,632,779.45",137052
4-Dec-19,EQ,510,531.35,509.3,509.35,528.8,529.25,522.5,531.35,336,30992538,"16,193,581,500.85",274793
5-Dec-19,EQ,532.55,537.5,526.05,529.25,527.45,528.1,531.71,537.5,336,32354118,"17,202,849,521.50",248830
6-Dec-19,EQ,530.05,533.5,521.65,528.1,525.25,524.8,527.84,537.5,336,24868376,"13,126,497,459.60",160717
9-Dec-19,EQ,524.05,529.3,522.2,524.8,526.85,526.5,526.92,537.5,336,12980877,"6,839,909,549.75",133385
10-Dec-19,EQ,526.05,530.25,524.7,526.5,529.75,528.7,527.9,537.5,336,12021443,"6,346,126,632.05",126317
11-Dec-19,EQ,530.6,535.2,527.2,528.7,533.65,533.55,532.37,537.5,336,13768156,"7,329,724,633.25",138036
12-Dec-19,EQ,534.85,537.1,529.8,533.55,535.5,535.35,533.64,537.5,336,12385216,"6,609,242,990.40",122835
13-Dec-19,EQ,537.9,542.8,535.7,535.35,537.1,537.05,538.5,542.8,336,17884861,"9,630,966,597.50",149844
16-Dec-19,EQ,539.5,541.4,536.7,537.05,539.75,539.25,539.3,542.8,336.15,13070575,"7,048,931,964.30",155494
17-Dec-19,EQ,540.95,543,538.75,539.25,541.95,541.15,540.72,543,336.15,11516163,"6,227,061,415.35",122753
18-Dec-19,EQ,542.05,542.9,535.95,541.15,542,541.4,538.89,543,336.15,12906168,"6,955,055,167.85",170680
19-Dec-19,EQ,537.2,541.2,533.7,541.4,540.5,540.2,537.74,543,336.15,12082790,"6,497,431,434.35",142265
20-Dec-19,EQ,540.95,549.5,539.25,540.2,546.1,546.1,545.46,549.5,336.15,27691592,"15,104,720,412.00",143386
23-Dec-19,EQ,547,548.85,537.6,546.1,541.15,541.3,542.33,549.5,336.15,11521942,"6,248,665,809.60",106240
24-Dec-19,EQ,542,543.95,539.3,541.3,541.85,541.1,541.38,549.5,336.15,6715007,"3,635,353,390.25",65937
26-Dec-19,EQ,541.1,542.4,537.65,541.1,538.8,538.75,539.82,549.5,336.15,7831074,"4,227,359,239.55",68450
27-Dec-19,EQ,541,550.5,538.35,538.75,549.5,549.4,545.51,550.5,336.15,11247684,"6,135,679,009.25",114464
30-Dec-19,EQ,549.6,552.2,542.6,549.4,544.5,543.95,546.55,552.2,336.15,13180302,"7,203,722,746.95",118319
31-Dec-19,EQ,543.8,543.8,538,543.95,538.65,538.9,540.14,552.2,336.15,12491978,"6,747,414,238.80",157053
1-Jan-20,EQ,539.9,542.5,535.7,538.9,538,536.75,538,552.2,336.15,7642793,"4,111,822,132.90",63603
2-Jan-20,EQ,536,541.9,535.85,536.75,540.8,540.6,539.44,552.2,336.15,10264223,"5,536,965,873.95",98335
3-Jan-20,EQ,538,540.8,536.25,540.6,539.5,538.85,538.46,552.2,336.15,9594690,"5,166,326,489.50",93857
6-Jan-20,EQ,537.25,537.25,523.8,538.85,525.7,525.7,527.51,552.2,336.15,12534334,"6,612,005,687.65",125249
7-Jan-20,EQ,531.3,535.6,521.65,525.7,524.15,522.9,526.71,552.2,336.15,16101835,"8,480,927,246.90",131048
8-Jan-20,EQ,516,527.35,515,522.9,525.8,525.95,521.67,552.2,336.15,16094310,"8,395,981,308.45",139653
9-Jan-20,EQ,530.7,547.4,530.3,525.95,545.6,546.3,541.74,552.2,336.15,18934019,"10,257,378,595.55",206294
10-Jan-20,EQ,544.9,546.5,538.5,546.3,540.15,540.25,542.57,552.2,336.15,12335407,"6,692,860,338.45",156533
13-Jan-20,EQ,539.4,546.05,538,540.25,539,538.6,541.12,552.2,336.15,7901800,"4,275,800,485.15",87689
14-Jan-20,EQ,536.2,538.95,534.15,538.6,538.15,537.6,536.42,552.2,336.15,13939440,"7,477,421,562.85",138643
15-Jan-20,EQ,535.1,536.95,530.65,537.6,535.5,535.6,533.21,552.2,336.15,12353176,"6,586,848,131.75",146646
16-Jan-20,EQ,533.9,540,533.2,535.6,536.8,537.15,536.51,552.2,336.15,11249232,"6,035,299,029.10",127585
17-Jan-20,EQ,534.5,538,530.6,537.15,530.65,532.05,534.57,552.2,336.15,18312609,"9,789,445,247.65",163715
20-Jan-20,EQ,533,544,531,532.05,534.7,534.85,537.96,552.2,336.15,19159996,"10,307,298,211.10",185612
21-Jan-20,EQ,532.95,540.25,530.2,534.85,531.15,531.05,535.15,552.2,336.15,13477994,"7,212,782,828.00",158365
22-Jan-20,EQ,531.5,534.95,520.75,531.05,522,522.85,525.74,552.2,336.15,17527408,"9,214,903,821.00",181749
23-Jan-20,EQ,521.4,530.25,517.05,522.85,527.75,527.7,525.09,552.2,336.15,17061293,"8,958,657,176.75",168104
24-Jan-20,EQ,529.25,537.4,527,527.7,535.45,533.85,532.27,552.2,336.15,17851868,"9,502,067,459.30",164870
27-Jan-20,EQ,538.5,545,531.5,533.85,535.9,537.25,540.45,552.2,336.15,38149166,"20,617,752,150.55",345778
28-Jan-20,EQ,538.1,540.6,524.45,537.25,528,528.2,533.82,552.2,336.15,24009224,"12,816,626,274.20",180957
29-Jan-20,EQ,531.55,534.8,525.3,528.2,526.9,526.6,530.21,552.2,336.15,16400827,"8,695,856,528.60",137153
30-Jan-20,EQ,527.65,533.95,524.15,526.6,531.1,532.2,528.6,552.2,336.15,14319317,"7,569,187,867.20",184707
31-Jan-20,EQ,530,532.75,522.4,532.2,525.8,525.65,527.45,552.2,336.15,16292578,"8,593,521,409.75",151745
1-Feb-20,EQ,524,528,501.85,525.65,505.5,504.6,515.41,552.2,336.15,11815597,"6,089,877,106.10",129029
3-Feb-20,EQ,504,519.15,502,504.6,516.5,515.55,514.01,552.2,336.15,22531888,"11,581,618,294.90",287673
4-Feb-20,EQ,520,534.65,516.65,515.55,530.65,530.8,528.79,552.2,336.15,17781475,"9,402,750,439.10",184345
5-Feb-20,EQ,529.05,540.4,525.7,530.8,538.7,539.1,535.35,552.2,336.15,18782476,"10,055,233,688.55",180999
6-Feb-20,EQ,540.35,547,536.25,539.1,541.1,541.6,541.87,552.2,336.15,15296851,"8,288,844,090.45",165277
7-Feb-20,EQ,540.95,541.75,535.15,541.6,535.4,536.45,538.06,552.2,336.15,8297149,"4,464,397,142.20",78560
10-Feb-20,EQ,538.65,542.25,530.5,536.45,535,533.95,536.25,552.2,336.15,12536053,"6,722,491,621.85",135579
11-Feb-20,EQ,537.7,544.8,537.5,533.95,539.5,539.75,541.47,552.2,336.15,11243552,"6,088,037,819.70",129103
12-Feb-20,EQ,545.8,550.7,542.7,539.75,549.4,549.3,546.72,552.2,336.15,14026335,"7,668,528,804.70",135449
13-Feb-20,EQ,549,549,538,549.3,540.05,541,542.23,552.2,336.15,9227235,"5,003,316,089.45",122655
14-Feb-20,EQ,541.25,548.65,536.55,541,545.8,545.8,544.41,552.2,336.15,14458649,"7,871,388,014.25",138071
17-Feb-20,EQ,543,545.35,537.75,545.8,542.3,541.6,541.85,552.2,337.55,7793293,"4,222,811,401.95",86606
18-Feb-20,EQ,541,544.4,536,541.6,540.9,541.2,540.01,552.2,337.55,15918303,"8,595,985,599.85",142303
19-Feb-20,EQ,543.5,546.5,540.5,541.2,546,544.8,543.62,552.2,337.55,8704234,"4,731,822,391.20",98834
20-Feb-20,EQ,545.5,549.35,541.8,544.8,546.5,547,546.38,552.2,337.55,13588526,"7,424,506,778.80",131824
24-Feb-20,EQ,539.5,541.85,527.55,547,530.55,529.85,534.1,552.2,343.3,16940750,"9,048,047,731.50",260963
25-Feb-20,EQ,532.45,538.8,525.3,529.85,530.9,530.95,532.51,552.2,343.3,14942960,"7,957,345,266.15",218372
26-Feb-20,EQ,526.85,529.35,522.2,530.95,522.5,523.7,525.34,552.2,343.3,15743918,"8,270,845,444.60",163585
27-Feb-20,EQ,522.8,523.3,512.65,523.7,514.4,515.35,515.71,552.2,343.3,26315054,"13,570,839,851.85",264515
28-Feb-20,EQ,501.6,506.85,492.2,515.35,498.95,497.25,499.15,552.2,343.3,32737933,"16,341,195,635.00",288616
2-Mar-20,EQ,508.25,520.55,498.45,497.25,505.9,506.1,513.82,552.2,352.8,28642076,"14,716,853,126.00",271339
3-Mar-20,EQ,509.85,519.5,508.5,506.1,516.9,514.75,514.53,552.2,352.8,19661945,"10,116,757,951.15",187417
4-Mar-20,EQ,517.5,517.5,497.05,514.75,508.95,508.35,505.96,552.2,352.8,21883404,"11,072,083,532.45",227396
5-Mar-20,EQ,509.75,511.15,500,508.35,504,504.5,505.92,552.2,352.8,16671516,"8,434,486,945.25",201499
6-Mar-20,EQ,485,496.8,477.3,504.5,485.75,486.35,486.92,552.2,352.8,31024353,"15,106,400,878.70",334872
9-Mar-20,EQ,475,475,442.95,486.35,457.5,457.75,459.37,552.2,370,42027546,"19,306,184,658.60",401229
11-Mar-20,EQ,450,471.75,449.6,457.75,465.55,465.65,465.27,552.2,370,31018901,"14,432,248,215.00",334058
12-Mar-20,EQ,438,445.95,416,465.65,432.95,425.65,433.56,552.2,370,50757036,"22,006,253,604.00",397139
13-Mar-20,EQ,401,464.75,395.2,425.65,449.95,447.2,433.74,552.2,370,67105024,"29,106,270,608.70",417226
16-Mar-20,EQ,424.2,424.2,397.45,447.2,401.1,402.9,409.76,552.2,375.25,34834779,"14,273,999,292.20",405336
17-Mar-20,EQ,407,408.45,364,402.9,366.95,367.25,388.74,552.2,364,47233442,"18,361,355,943.00",518412
18-Mar-20,EQ,369.1,375.5,342.3,367.25,358,355.05,356.54,552.2,342.3,61204129,"21,821,915,599.25",941197
19-Mar-20,EQ,336.1,369.6,323,355.05,335.4,338.55,340.96,552.2,323,57986210,"19,771,226,681.50",510635
20-Mar-20,EQ,328,359.8,323,338.55,344.4,345.7,341.93,552.2,323,88640850,"30,308,752,318.25",742628
23-Mar-20,EQ,311.15,313.7,280,345.7,282.4,284,291.38,552.2,280,56868412,"16,570,590,575.05",510598
24-Mar-20,EQ,295.3,305,268.3,284,298.55,296.5,289.43,552.2,268.3,67896591,"19,651,491,211.20",586196
25-Mar-20,EQ,284,334.15,281.6,296.5,315.15,316.9,306.77,552.2,268.3,66545735,"20,414,243,484.35",813004
26-Mar-20,EQ,322,364.4,314.25,316.9,331.5,330.25,339.77,552.2,268.3,76174000,"25,881,509,450.70",820649
27-Mar-20,EQ,355.8,359.55,326,330.25,338.5,339.85,342.6,552.2,268.3,72890796,"24,972,611,400.30",820234
30-Mar-20,EQ,330.1,333.9,311.1,339.85,315.1,313.4,324.03,552.2,268.3,36560532,"11,846,615,701.45",525988
31-Mar-20,EQ,324.7,334.85,316,313.4,320.4,323.75,325.29,552.2,268.3,46280029,"15,054,562,351.35",485411
1-Apr-20,EQ,319,323.75,308.1,323.75,311.5,311.15,314.2,552.2,268.3,33142102,"10,413,253,174.80",363679
3-Apr-20,EQ,309.5,309.5,281.5,311.15,288,286.65,291.84,552.2,268.3,57330285,"16,731,286,856.70",531869
7-Apr-20,EQ,308.3,329.6,296.85,286.65,324.8,326.1,312.21,552.2,268.3,57662681,"18,002,717,272.65",516940
8-Apr-20,EQ,322.85,352.75,315.1,326.1,317.65,318.95,328.87,552.2,268.3,73931642,"24,313,828,663.50",716901
9-Apr-20,EQ,332.4,345,322.65,318.95,342,342.7,335.25,552.2,268.3,52432049,"17,578,019,638.95",513643
13-Apr-20,EQ,341.05,345.8,329.25,342.7,331.1,330.65,335.6,552.2,268.3,30995409,"10,401,957,611.00",308507
15-Apr-20,EQ,342.7,351.9,325,330.65,328.5,327.35,340.23,552.2,268.3,49134201,"16,717,007,506.60",466734
16-Apr-20,EQ,325.3,347.8,319.35,327.35,342.85,342,335.88,552.2,268.3,56494211,"18,975,317,553.80",519194
17-Apr-20,EQ,362,385.5,349.05,342,375,375.55,361.31,552.2,268.3,69008019,"24,933,049,546.80",949891
20-Apr-20,EQ,376,378.9,357,375.55,361.75,361.3,370.43,552.2,268.3,55811178,"20,673,903,439.80",636846
21-Apr-20,EQ,341,346.2,328,361.3,329.8,331.85,335.93,552.2,268.3,50118816,"16,836,640,489.60",526838
22-Apr-20,EQ,326,338,323.05,331.85,336.5,335.95,330.79,552.2,268.3,49115661,"16,246,999,523.00",470641
23-Apr-20,EQ,340.25,354.8,338,335.95,350.8,352.95,347.48,552.2,268.3,45953483,"15,968,139,039.60",413227
24-Apr-20,EQ,337.9,343.25,331.5,352.95,337.05,334.85,337.01,552.2,268.3,38513311,"12,979,357,489.20",414126
27-Apr-20,EQ,339.3,352.9,338,334.85,346.3,347.9,346.35,552.2,268.3,38981101,"13,501,080,399.80",344753
28-Apr-20,EQ,353.75,362.85,350.25,347.9,361,359.85,357.2,552.2,268.3,32934538,"11,764,158,548.60",290804
29-Apr-20,EQ,353,376.5,351.65,359.85,367.65,370.45,364.58,552.2,268.3,39342166,"14,343,285,870.45",415320
30-Apr-20,EQ,382,392.95,374.15,370.45,377.7,380.15,384.03,552.2,268.3,45735197,"17,563,849,150.60",413914
4-May-20,EQ,359,359,336,380.15,340,338.05,344.06,552.2,268.3,38837866,"13,362,584,630.45",619031
5-May-20,EQ,348,348,329.55,338.05,332,330.85,339.92,552.2,268.3,45071600,"15,320,719,949.85",413360
6-May-20,EQ,331.5,345.55,325.25,330.85,342.8,341.4,338.49,552.2,268.3,49953121,"16,908,540,303.00",447408
7-May-20,EQ,337,342.9,333.7,341.4,337.9,336.75,338.15,552.2,268.3,27657193,"9,352,185,697.05",251905
8-May-20,EQ,344,352.5,333.7,336.75,335.65,337.7,345.29,552.2,268.3,42970794,"14,837,257,993.10",383834
11-May-20,EQ,341,343.55,318.2,337.7,322.1,320.15,329.1,552.2,268.3,83666044,"27,534,147,821.15",824877
12-May-20,EQ,318.3,324.4,308,320.15,322.8,321.2,314.78,552.2,268.3,69072372,"21,742,502,518.65",624472
13-May-20,EQ,343.5,348.4,332.3,321.2,337.2,338.05,340.48,552.2,268.3,72818140,"24,793,293,174.25",679918
14-May-20,EQ,330,334.5,325.65,338.05,327.5,327.4,328.85,552.2,268.3,33999679,"11,180,881,566.00",312099
15-May-20,EQ,329.3,330.55,318.8,327.4,322,322.7,321.66,552.2,268.3,31829841,"10,238,396,049.00",358099
18-May-20,EQ,320,320.5,293.25,322.7,300.6,298.5,301.15,552.2,268.3,74034470,"22,295,591,955.00",685127
19-May-20,EQ,307.05,311.5,297.1,298.5,300.8,300.3,303.93,552.2,268.3,61828639,"18,791,399,514.25",490924
20-May-20,EQ,299,308.25,297.5,300.3,307,305.65,302.96,552.2,268.3,42239472,"12,796,973,329.15",348560
21-May-20,EQ,306,312.8,302,305.65,304.1,304.4,307.94,552.2,268.3,43076017,"13,264,723,233.80",331641
22-May-20,EQ,301,307.7,285.55,304.4,292.4,291.05,292.56,552.2,268.3,80359014,"23,509,585,135.70",618533
26-May-20,EQ,296.05,297.9,290,291.05,293.9,292.7,293.6,552.2,268.3,46684636,"13,706,479,093.15",395358
27-May-20,EQ,296.1,321.95,294.85,292.7,318.9,318.85,309.63,552.2,268.3,80543561,"24,938,606,377.60",576076
28-May-20,EQ,322.25,329.75,320.75,318.85,325.75,326.85,325.76,552.2,268.3,66136528,"21,544,769,505.05",516589
29-May-20,EQ,322.9,334.3,320,326.85,330,331.95,327.02,552.2,268.3,60488688,"19,781,024,447.25",411098
1-Jun-20,EQ,339,348,336.2,331.95,337.85,339.25,342.99,552.2,268.3,44025817,"15,100,281,962.90",379479
2-Jun-20,EQ,337,350,332.5,339.25,349,348.4,342.85,552.2,268.3,47558564,"16,305,388,892.80",373966
3-Jun-20,EQ,357.9,373,353.8,348.4,357.5,356.85,364.19,552.2,268.3,69689849,"25,380,087,019.40",565060
4-Jun-20,EQ,357,363,345.5,356.85,348.2,347.85,352.31,552.2,268.3,57061955,"20,103,482,595.05",426171
5-Jun-20,EQ,350,360,347,347.85,359.8,357.2,352.85,552.2,268.3,37251290,"13,144,122,261.35",284472
8-Jun-20,EQ,366.55,373.75,353.15,357.2,361,359.8,364.08,552.2,268.3,46827650,"17,049,070,977.75",391117
9-Jun-20,EQ,360.05,369.35,345.25,359.8,346.3,348.55,358.88,552.2,268.3,47622914,"17,091,016,711.35",349317
10-Jun-20,EQ,348.55,356.85,345.3,348.55,356.45,353,350.18,552.2,268.3,36292503,"12,708,994,586.05",274845
11-Jun-20,EQ,352.45,354.2,340.1,353,341.75,341.25,345.99,552.2,268.3,37000065,"12,801,503,450.40",303813
12-Jun-20,EQ,324.2,346.15,324.1,341.25,343,344.2,335.33,552.2,268.3,47509639,"15,931,308,263.85",354357
15-Jun-20,EQ,341.2,342.25,325.5,344.2,331.15,331.1,331.04,552.2,268.3,43501834,"14,400,917,307.60",366416
16-Jun-20,EQ,342.25,347.9,326.05,331.1,342.4,342.95,340.09,552.2,268.3,57511276,"19,559,192,030.60",394321
17-Jun-20,EQ,338.6,351,336.1,342.95,342.25,341.95,344.29,552.2,268.3,37107569,"12,775,830,573.00",289654
18-Jun-20,EQ,340,354.7,337.2,341.95,351.4,352,345.65,552.2,268.3,39286577,"13,579,324,191.95",292023
19-Jun-20,EQ,351,365.45,349.2,352,363.8,363.8,358.5,552.2,268.3,51368058,"18,415,478,184.65",372416
22-Jun-20,EQ,367,375.25,365.15,363.8,367.85,367.55,370.66,552.2,268.3,40135946,"14,876,915,715.10",309083
23-Jun-20,EQ,369,378.3,364.2,367.55,376.05,376.15,370.4,552.2,268.3,32495431,"12,036,276,857.05",271367
24-Jun-20,EQ,380,380,345,376.15,349.35,348.1,361.91,552.2,268.3,57956306,"20,975,015,027.95",483886
25-Jun-20,EQ,345.9,355.6,338.5,348.1,350.5,351,348.84,552.2,268.3,69905394,"24,385,685,691.65",474435
26-Jun-20,EQ,355.6,358.5,346.1,351,351,349.1,351.33,552.2,268.3,34596718,"12,154,960,573.75",284738
29-Jun-20,EQ,345.25,345.6,338.5,349.1,342.5,343.1,341.61,552.2,268.3,27385252,"9,355,210,283.05",265578
30-Jun-20,EQ,347,354.45,346.3,343.1,352,351.45,351.65,552.2,268.3,47526205,"16,712,652,154.25",325118
1-Jul-20,EQ,354.25,365.75,351.6,351.45,362.4,364.05,359.56,552.2,268.3,36922717,"13,276,046,897.25",306855
2-Jul-20,EQ,366,370.9,361.35,364.05,363.6,362.85,366.8,552.2,268.3,50964872,"18,694,105,759.85",305451
3-Jul-20,EQ,364.65,367.15,359.8,362.85,360.8,361,363.13,552.2,268.3,28779331,"10,450,640,286.00",208640
6-Jul-20,EQ,367.85,367.85,360.5,361,362.4,361.85,362.93,552.2,268.3,33334119,"12,098,052,508.65",259942
7-Jul-20,EQ,363,378,362.1,361.85,374.6,376.05,370.97,552.2,268.3,46031349,"17,076,408,916.80",338605
8-Jul-20,EQ,377.9,379,367.55,376.05,368.6,368.95,374.6,552.2,268.3,46317703,"17,350,791,189.45",334871
9-Jul-20,EQ,373.45,376,365.3,368.95,371.75,370.35,370.37,552.2,268.3,35144717,"13,016,722,138.10",252469
10-Jul-20,EQ,364.9,368.2,359,370.35,359.9,360.35,363.19,552.2,268.3,27865749,"10,120,560,057.65",280327
13-Jul-20,EQ,364.1,367,352.5,360.35,354.15,353.6,357.86,552.2,268.3,32379950,"11,587,642,125.00",230035
14-Jul-20,EQ,351.5,352.45,340.6,353.6,346.05,345.55,346.56,552.2,268.3,34033233,"11,794,606,533.70",297220
15-Jul-20,EQ,349.5,356.8,343.75,345.55,347.9,345.8,351.27,552.2,268.3,30442572,"10,693,660,344.80",222113
16-Jul-20,EQ,347.95,348.6,341,345.8,344.85,344.65,344.69,552.2,268.3,35536953,"12,249,319,563.85",220076
17-Jul-20,EQ,346,356,345.45,344.65,354.6,353.8,349.78,552.2,268.3,27511987,"9,623,202,594.30",200767
20-Jul-20,EQ,358,366.35,355.25,353.8,362.1,363,362.86,552.2,268.3,36313319,"13,176,547,255.65",267593
21-Jul-20,EQ,371,379.9,370.05,363,378.9,378.8,375.06,552.2,268.3,45560259,"17,087,957,100.55",360866
22-Jul-20,EQ,386.9,389.5,375.3,378.8,381.8,381.1,382.03,552.2,268.3,45500596,"17,382,728,483.75",319065
23-Jul-20,EQ,382.55,395.65,378.85,381.1,394.8,392.25,385.46,552.2,268.3,37838253,"14,585,160,124.60",269191
24-Jul-20,EQ,388.3,388.7,372.15,392.25,382.5,381.8,380.82,552.2,268.3,52981627,"20,176,721,421.60",386704
27-Jul-20,EQ,385,385.8,356.6,381.8,358.7,358.5,364.96,552.2,268.3,73276759,"26,742,957,273.15",730212
28-Jul-20,EQ,361.1,362.75,343.2,358.5,352.15,352.1,350.53,552.2,268.3,125940299,"44,145,352,671.95",703448
29-Jul-20,EQ,353.2,357.65,348.2,352.1,351.2,351.05,353.98,552.2,268.3,50196627,"17,768,804,674.00",350109
30-Jul-20,EQ,353.4,354.6,340.4,351.05,345.4,344.95,348.04,552.2,268.3,40820799,"14,207,448,526.95",321975
31-Jul-20,EQ,346.45,353,342.05,344.95,347.2,346.8,347.26,552.2,268.3,37345608,"12,968,752,584.85",274656
3-Aug-20,EQ,346.8,349.35,340.5,346.8,343.75,343.25,344.3,552.2,268.3,32120023,"11,058,835,193.15",252316
4-Aug-20,EQ,347,353.2,344.2,343.25,351.4,351,349.14,552.2,268.3,30813885,"10,758,370,764.00",236605
5-Aug-20,EQ,353.4,360,350.75,351,353.05,352.2,355.51,552.2,268.3,37058091,"13,174,683,738.25",270873
6-Aug-20,EQ,353.45,363.75,348.6,352.2,359.5,358.75,356.51,552.2,268.3,48022799,"17,120,669,232.45",321846
7-Aug-20,EQ,359.45,359.65,353.15,358.75,358.1,357.95,356.9,552.2,268.3,28512323,"10,175,988,903.95",203850
10-Aug-20,EQ,359.5,364.95,357.35,357.95,364.2,363.55,361.27,552.2,268.3,22857226,"8,257,731,419.05",208697
11-Aug-20,EQ,370,374.3,364.05,363.55,366.45,367.35,368.66,552.2,268.3,45446756,"16,754,604,407.70",361557
12-Aug-20,EQ,365.75,368.75,363.75,367.35,365.7,366.85,366.65,552.2,268.3,25706440,"9,425,281,045.20",183488
13-Aug-20,EQ,368.95,372.35,366.25,366.85,368.3,368.05,369.11,552.2,268.3,26257725,"9,691,912,310.95",173312
14-Aug-20,EQ,371.8,371.8,354.2,368.05,360.9,361.4,364.56,552.2,268.3,28893922,"10,533,625,265.35",190060
17-Aug-20,EQ,366,366.35,354.35,361.4,361.15,360.2,360.04,552.2,268.3,24232602,"8,724,593,924.20",221104
18-Aug-20,EQ,361.9,370,361.6,360.2,369.5,369.55,366.2,552.2,268.3,26517539,"9,710,688,061.45",187582
19-Aug-20,EQ,374,375.85,370.4,369.55,375,374.45,373.9,552.2,268.3,35790626,"13,382,056,477.70",247511
20-Aug-20,EQ,367,369.65,362.6,374.45,366.85,367.75,366.62,552.2,268.3,68447536,"25,094,086,521.90",329965
21-Aug-20,EQ,370,373,367.05,367.75,371.3,371.15,369.72,552.2,268.3,34111143,"12,611,404,103.85",197504
24-Aug-20,EQ,374.85,381.2,373.85,371.15,379.8,380.35,378.04,552.2,268.3,32907517,"12,440,457,313.35",248376
25-Aug-20,EQ,382.5,389.8,381.4,380.35,385.55,386.35,386.44,552.2,268.3,53073080,"20,509,325,983.85",338551
26-Aug-20,EQ,388.2,391.65,384.2,386.35,389.75,389.35,387.83,552.2,268.3,37164029,"14,413,442,894.25",215457
27-Aug-20,EQ,389.95,397.45,387.6,389.35,392.9,392.2,393.77,552.2,268.3,36910773,"14,534,338,598.20",240458
28-Aug-20,EQ,393.9,411.9,392.9,392.2,409.5,409.7,406.65,552.2,268.3,83472448,"33,943,933,082.95",521089
31-Aug-20,EQ,414.85,422,387.5,409.7,392.4,394.6,401.8,552.2,268.3,72744912,"29,229,201,656.90",469274
1-Sep-20,EQ,394.7,399.65,385.3,394.6,393.45,390.95,391.8,552.2,268.3,34872816,"13,663,087,428.20",249813
2-Sep-20,EQ,387.25,394,381.1,390.95,392.55,392.4,387.78,552.2,268.3,31297334,"12,136,448,935.75",234846
3-Sep-20,EQ,392.4,392.55,381.05,392.4,384.45,382.75,384.76,552.2,268.3,26135711,"10,055,946,251.80",231860
4-Sep-20,EQ,375,379.95,368.35,382.75,375,372.55,374.12,552.2,268.3,33119184,"12,390,572,354.95",291371
7-Sep-20,EQ,374.1,376.85,369,372.55,374,373.4,374.02,552.2,268.3,22324954,"8,350,016,685.65",246828
8-Sep-20,EQ,372.4,381.3,369.15,373.4,371.95,375.7,377.09,552.2,268.3,32052949,"12,086,970,795.00",212852
9-Sep-20,EQ,370.8,372.4,361.9,375.7,368,367.6,366.51,552.2,268.3,25285243,"9,267,228,378.15",214029
10-Sep-20,EQ,371.7,375,365.45,367.6,371.5,370.7,370.91,552.2,268.3,24852406,"9,217,926,227.15",192383
11-Sep-20,EQ,373,373.65,365.1,370.7,370.35,370.5,369.18,552.2,268.3,22678883,"8,372,655,013.30",209303
14-Sep-20,EQ,373.5,373.85,359.35,370.5,364.5,363.7,366.59,552.2,268.3,27140811,"9,949,611,150.30",231347
15-Sep-20,EQ,364.05,372.25,363.7,363.7,371.7,371.55,369.26,552.2,268.3,24968263,"9,219,855,799.90",243030
16-Sep-20,EQ,371.35,376.7,365,371.55,374.25,374.7,371.33,552.2,268.3,22069463,"8,195,133,281.05",224943
17-Sep-20,EQ,370,371.75,367.4,374.7,368.7,369,369.26,552.2,268.3,24086056,"8,893,920,852.40",182837
18-Sep-20,EQ,370,374.65,364.55,369,368.85,369.55,369.94,552.2,268.3,78166940,"28,917,300,504.50",218031
21-Sep-20,EQ,366.65,367.4,348.5,369.55,350.7,350.7,358.11,552.2,268.3,28933176,"10,361,222,707.25",260417
22-Sep-20,EQ,354,356.15,349.5,350.7,354.65,354.4,352.58,552.2,268.3,28593294,"10,081,468,049.85",237287
23-Sep-20,EQ,356.6,357.1,342.45,354.4,353.5,351.85,350.5,552.2,268.3,22740367,"7,970,539,364.85",212601
24-Sep-20,EQ,344.95,346.95,333.75,351.85,337.35,335.7,340.19,552.2,268.3,25841151,"8,791,003,588.85",292572
25-Sep-20,EQ,339.05,350.5,336.6,335.7,347.5,348.65,343.58,552.2,268.3,23231692,"7,982,054,122.60",209889
28-Sep-20,EQ,351.5,363.95,349.1,348.65,363.05,363,358.81,552.2,268.3,18496082,"6,636,486,857.90",157219
29-Sep-20,EQ,363.75,363.75,354.25,363,358.4,357.05,357.53,552.2,268.3,17080960,"6,106,889,634.25",167456
30-Sep-20,EQ,356.95,357.5,349.35,357.05,353.5,354.75,353.03,552.2,268.3,19565088,"6,907,130,726.85",166005
1-Oct-20,EQ,358.25,371.2,358.25,354.75,368.5,369.2,366.8,552.2,268.3,23237126,"8,523,359,013.10",190213
5-Oct-20,EQ,370.75,382.65,370.75,369.2,373.25,373.1,377.32,552.2,268.3,26530162,"10,010,396,773.65",234819
6-Oct-20,EQ,377.1,381.8,375.1,373.1,380.15,380.6,378.19,552.2,268.3,18093629,"6,842,867,403.85",164300
7-Oct-20,EQ,379.3,384.35,374.1,380.6,382.75,382.65,380.28,552.2,268.3,21845796,"8,307,410,371.05",176737
8-Oct-20,EQ,385,389.7,382.65,382.65,387.4,387.5,387.33,552.2,268.3,21085576,"8,166,997,825.35",190033
9-Oct-20,EQ,390.7,403.5,386.9,387.5,403.25,401.5,397.57,552.2,268.3,41641261,"16,555,382,288.80",297900
12-Oct-20,EQ,403.45,410,400.7,401.5,404.15,404.05,405.53,552.2,268.3,25742604,"10,439,288,303.55",218470
13-Oct-20,EQ,401,401,393.5,404.05,395.45,396.25,396.16,552.2,268.3,19922840,"7,892,605,883.30",195242
14-Oct-20,EQ,394.35,409.25,389,396.25,405.75,406.8,397.13,552.2,268.3,23368688,"9,280,337,149.25",190802
15-Oct-20,EQ,406.9,409.9,389.15,406.8,390.25,391,401.71,552.2,268.3,34238713,"13,754,038,349.15",303220
16-Oct-20,EQ,394,401.3,390.5,391,395.35,396.1,396.07,552.2,268.3,25339477,"10,036,168,457.65",204107
19-Oct-20,EQ,402.05,418.75,401.15,396.1,415.95,417.1,412.72,552.2,268.3,41073000,"16,951,637,407.70",417207
20-Oct-20,EQ,413.5,416.9,411,417.1,414,414.6,413.84,552.2,268.3,26159021,"10,825,531,067.90",237478
21-Oct-20,EQ,416,428.5,410.3,414.6,420.45,420.3,421.02,552.2,268.3,43125095,"18,156,387,764.60",345248
22-Oct-20,EQ,416.4,419.65,407.65,420.3,413.5,412.9,414.13,552.2,268.3,33090057,"13,703,602,966.60",274390
23-Oct-20,EQ,417,420.5,411.75,412.9,416.35,416.95,416.03,552.2,268.3,22151465,"9,215,759,696.05",176978
26-Oct-20,EQ,418.05,419.15,401.45,416.95,405.15,404.45,408.54,552.2,268.3,21712470,"8,870,352,766.35",199741
27-Oct-20,EQ,406.35,412.4,393.25,404.45,410.3,409.95,405.58,552.2,268.3,33571188,"13,615,710,772.50",273257
28-Oct-20,EQ,409.9,409.9,394.8,409.95,397.25,396.05,401.11,552.2,268.3,28145199,"11,289,190,473.35",241609
29-Oct-20,EQ,392.25,402.9,389.65,396.05,398.9,399.9,397.52,552.2,268.3,32615570,"12,965,370,374.80",265138
30-Oct-20,EQ,399.4,402.7,388.05,399.9,393.5,392.6,394.86,552.2,268.3,27226359,"10,750,638,929.80",234386
2-Nov-20,EQ,417,422.8,407,392.6,416.25,417.45,415.04,552.2,268.3,72698777,"30,172,555,611.25",554924
3-Nov-20,EQ,425,446.9,424.2,417.45,445.05,443.85,437.14,552.2,268.3,61813071,"27,021,175,003.60",533552
4-Nov-20,EQ,437.3,442,425.3,443.85,434.35,437.05,434.52,552.2,268.3,43426662,"18,869,733,410.05",379209
5-Nov-20,EQ,445,446.25,435.6,437.05,438.15,438.5,440.07,552.2,268.3,30129938,"13,259,394,052.60",310345
6-Nov-20,EQ,439.85,444.9,436.2,438.5,443.5,442.8,441.21,552.2,268.3,27831424,"12,279,614,597.15",214934
9-Nov-20,EQ,450,464.6,449,442.8,464.3,462.7,458.27,552.2,268.3,40995422,"18,786,823,360.00",308408
10-Nov-20,EQ,485.8,487.05,473,462.7,484.8,483.85,480.2,552.2,268.3,57535138,"27,628,288,812.00",491961
11-Nov-20,EQ,484.75,490.55,472.1,483.85,489.8,486.55,482.89,552.2,268.3,45609279,"22,024,273,493.10",360341
12-Nov-20,EQ,481.6,483.55,471.35,486.55,476.55,476.7,476.98,552.2,268.3,31071572,"14,820,446,405.30",269168
13-Nov-20,EQ,472.7,487.1,467.55,476.7,485.8,485.55,477.61,552.2,268.3,34815091,"16,628,205,737.60",267918
14-Nov-20,EQ,489.85,489.85,484.65,485.55,485.65,486.9,487.84,552.2,268.3,3636073,"1,773,832,681.70",58012
17-Nov-20,EQ,490.5,493,478.15,486.9,487.75,486.4,483.82,552.2,268.3,36127378,"17,479,176,454.35",347220
18-Nov-20,EQ,488,499,486.25,486.4,497.35,497.65,492.94,552.2,268.3,29156543,"14,372,430,921.80",261662
19-Nov-20,EQ,490,493.35,475.8,497.65,476.8,478.75,485.46,552.2,268.3,31896908,"15,484,659,022.40",273823
20-Nov-20,EQ,479.5,483.45,468.1,478.75,477,480.2,475.91,552.2,268.3,30089190,"14,319,885,760.95",277339
23-Nov-20,EQ,481.8,483.35,466.5,480.2,468.3,468.25,472.4,552.2,268.3,29513544,"13,942,254,424.40",303018
24-Nov-20,EQ,474,480,471.2,468.25,479,478.2,475.6,552.2,268.3,23135994,"11,003,541,329.25",240284
25-Nov-20,EQ,485,489.95,471.1,478.2,472.2,472.7,481.71,552.2,268.3,34168305,"16,459,158,555.20",309210
26-Nov-20,EQ,475.1,477.2,465.8,472.7,477,475.3,471.79,552.2,268.3,28707911,"13,544,230,904.55",279104
27-Nov-20,EQ,476.4,479.55,471.3,475.3,474.3,473.35,474.84,552.2,268.3,48390771,"22,977,710,082.00",223863
1-Dec-20,EQ,479.7,488.5,474.3,473.35,484.2,485.1,482.37,552.2,268.3,20120049,"9,705,403,161.65",186612
2-Dec-20,EQ,486.35,487,472.2,485.1,479.45,480.45,478.74,552.2,268.3,21244707,"10,170,623,642.95",220838
3-Dec-20,EQ,482.1,485,478.85,480.45,482.2,481.85,481.92,552.2,268.3,22701738,"10,940,364,970.25",192236
4-Dec-20,EQ,483.7,504,483,481.85,503.5,502.05,494.94,552.2,268.3,39547014,"19,573,338,156.20",301584
7-Dec-20,EQ,505,515.6,504.15,502.05,509,510.45,510.01,552.2,268.3,37778332,"19,267,280,817.70",363525
8-Dec-20,EQ,511.5,512,505.4,510.45,508.55,508.4,508.2,552.2,268.3,19339943,"9,828,479,088.60",237383
9-Dec-20,EQ,510,515,506.05,508.4,510.7,511.5,510.19,552.2,268.3,21272782,"10,853,104,385.25",201262
10-Dec-20,EQ,508.1,514.4,498.75,511.5,506.3,506.95,505.82,552.2,268.3,20419020,"10,328,333,170.80",218589
11-Dec-20,EQ,509.25,516.9,506.1,506.95,515.5,515.45,511.38,552.2,268.3,25335765,"12,956,197,490.90",169124
14-Dec-20,EQ,518.1,527.8,518.1,515.45,526,525.8,523.51,552.2,268.3,26369591,"13,804,658,926.05",292263
15-Dec-20,EQ,524,524.25,513.1,525.8,516.7,518.05,517.03,552.2,268.3,26969145,"13,943,853,862.10",247714
16-Dec-20,EQ,520.05,521.7,511.1,518.05,512.5,512.45,515.44,552.2,268.3,24263586,"12,506,468,426.15",248492
17-Dec-20,EQ,514,516.5,509.1,512.45,511.3,510.4,512.34,552.2,268.3,23883288,"12,236,460,854.55",218945
18-Dec-20,EQ,514,518.25,509.15,510.4,515.95,517.15,513.69,552.2,268.3,21735833,"11,165,404,700.70",174566
21-Dec-20,EQ,514.6,514.7,488.2,517.15,492.3,494.5,502.71,552.2,268.3,29157759,"14,657,894,000.45",282306
22-Dec-20,EQ,497.3,501.8,489.1,494.5,499.55,500.3,495.79,552.2,268.3,32328041,"16,027,888,554.50",298026
23-Dec-20,EQ,499,505.5,496.55,500.3,505,503.6,501.45,552.2,268.3,19205951,"9,630,775,716.20",146815
24-Dec-20,EQ,506.75,515.95,505.1,503.6,513.05,513.55,512.5,552.2,268.3,17576807,"9,008,152,086.30",161245
28-Dec-20,EQ,515.9,521.2,513.6,513.55,520.5,520.1,518.24,552.2,268.3,14470472,"7,499,174,202.40",135145
29-Dec-20,EQ,522.55,530.8,517.85,520.1,530.1,528.8,524.61,552.2,268.3,19092649,"10,016,116,974.55",210508
30-Dec-20,EQ,531.65,533,524.55,528.8,527.6,528.75,527.72,552.2,268.3,21365141,"11,274,861,112.50",174183
31-Dec-20,EQ,530.1,538.5,526.5,528.75,534,535.05,534.42,552.2,268.3,27817770,"14,866,484,569.75",213687
1-Jan-21,EQ,535.55,537,526.1,535.05,527.8,527.5,529.68,552.2,268.3,13592625,"7,199,709,123.40",156898
4-Jan-21,EQ,532.3,535,524.3,527.5,531.7,531.7,530.07,550.7,268.3,16549750,"8,772,513,233.75",179521
5-Jan-21,EQ,526.65,539.95,523,531.7,536.65,537.25,530.42,550.7,268.3,23311516,"12,364,979,110.35",198989
6-Jan-21,EQ,538.75,550.6,535.85,537.25,544.9,546.7,544.25,550.7,268.3,28178838,"15,336,313,218.10",256515
7-Jan-21,EQ,552.15,554.4,539.75,546.7,542.25,541.1,546.2,554.4,268.3,21138034,"11,545,579,387.45",204824
8-Jan-21,EQ,547,547.1,536.35,541.1,542,542.05,541.01,554.4,268.3,21937965,"11,868,728,979.40",169218
11-Jan-21,EQ,545.15,546,535,542.05,545.2,544.7,540.62,554.4,268.3,19394393,"10,485,070,657.75",201986
12-Jan-21,EQ,541,550.65,537.1,544.7,547.95,548,544.09,554.4,268.3,16388310,"8,916,650,749.60",225207
13-Jan-21,EQ,551.5,561,548.25,548,556,556.5,554.8,561,268.3,21920297,"12,161,343,003.50",228055
14-Jan-21,EQ,554.05,558.45,550.6,556.5,553.6,553.3,553.49,561,268.3,13330898,"7,378,501,384.15",204427
15-Jan-21,EQ,550,551,541.5,553.3,541.95,543,545.13,561,268.3,15708956,"8,563,445,988.75",256949
18-Jan-21,EQ,544.5,548.4,528.9,543,530.45,533.15,539.34,561,268.3,21580313,"11,639,068,880.85",242319
19-Jan-21,EQ,539,547.75,533.9,533.15,547,546.45,540.53,561,268.3,20575358,"11,121,615,616.55",173894
20-Jan-21,EQ,546.45,554.6,546,546.45,550.75,551,551.04,561,268.3,16097138,"8,870,139,857.90",203783
21-Jan-21,EQ,555,561,549.7,551,553.1,552.7,556.1,561,268.3,18189277,"10,115,112,199.80",239999
22-Jan-21,EQ,553.1,553.5,530.6,552.7,532,533.8,540.16,561,268.3,24515997,"13,242,669,845.85",286973
25-Jan-21,EQ,536.55,542.3,531.2,533.8,537.3,538.05,536.87,561,268.3,23415249,"12,570,891,207.30",230605
27-Jan-21,EQ,537.8,539.2,519.1,538.05,522.75,522.35,528.25,561,268.3,28049286,"14,817,089,783.20",346606
28-Jan-21,EQ,514.6,529.85,512,522.35,528.25,528.25,520.72,561,268.3,29836591,"15,536,378,116.80",340760
29-Jan-21,EQ,533.35,544.95,529.45,528.25,538.95,537,536.18,561,268.3,33172808,"17,786,697,557.65",299110
1-Feb-21,EQ,552,609.45,551,537,608.75,603.8,580.42,609.45,268.3,69354326,"40,254,748,010.30",677016
2-Feb-21,EQ,613,624,598.7,603.8,618.45,617.35,613.06,624,268.3,42362384,"25,970,715,478.90",425599
3-Feb-21,EQ,623.4,627.5,614,617.35,621.3,622.35,620.98,627.5,268.3,27155908,"16,863,399,916.05",297041
4-Feb-21,EQ,618.8,631.65,609,622.35,626.35,628.3,620.28,631.65,268.3,29982222,"18,597,434,499.25",325725
5-Feb-21,EQ,628.3,635.3,611,628.3,617,614.15,621.31,635.3,268.3,32015570,"19,891,496,556.55",393296
8-Feb-21,EQ,622.35,633.95,622.35,614.15,629.4,629.6,629.35,635.3,268.3,18230551,"11,473,332,328.75",207409
9-Feb-21,EQ,631.35,643.2,628.6,629.6,631.55,633.35,636.01,643.2,268.3,27155615,"17,271,303,277.95",289954
10-Feb-21,EQ,633.35,638.2,626.4,633.35,632.5,632.15,632.79,643.2,268.3,23967387,"15,166,418,443.90",245454
11-Feb-21,EQ,626.75,633.6,624.1,632.15,631.25,630.65,628.85,643.2,268.3,16072702,"10,107,382,101.60",265311
12-Feb-21,EQ,629.9,649.9,629.4,630.65,647.05,647.6,641.59,649.9,268.3,19049709,"12,222,133,667.55",185553
15-Feb-21,EQ,655,676.8,652,647.6,674.6,673.95,665.53,676.8,268.3,27155194,"18,072,574,053.35",321530
16-Feb-21,EQ,673.4,679.4,649.55,673.95,658.15,658.35,660.32,679.4,268.3,24966739,"16,486,062,899.80",279739
17-Feb-21,EQ,654.8,664.95,649.35,658.35,654.5,657.35,657.26,679.4,268.3,21684753,"14,252,464,257.30",250232
18-Feb-21,EQ,650,652.4,637.6,657.35,644.9,644.65,644.05,679.4,268.3,27845347,"17,933,906,812.85",327130
19-Feb-21,EQ,635.5,635.5,619,644.65,625.4,624.05,627.94,679.4,268.3,24055811,"15,105,708,907.95",351586
22-Feb-21,EQ,622,629.3,607.3,624.05,608.95,609.85,615.13,679.4,268.3,27092321,"16,665,265,722.95",257181
23-Feb-21,EQ,614.75,623.05,609.05,609.85,614.05,616.3,615.87,679.4,268.3,23534585,"14,494,193,067.05",250608
24-Feb-21,EQ,615.1,645,615.1,616.3,640,641.1,627.97,679.4,268.3,17762047,"11,154,113,882.65",178082
25-Feb-21,EQ,642.7,648.4,626.3,641.1,629,628,636.34,679.4,268.3,38571809,"24,544,745,289.65",389701
26-Feb-21,EQ,615,615,590.9,628,597.25,597.75,599.8,679.4,268.3,57349273,"34,397,838,462.45",590244
1-Mar-21,EQ,607.55,611.85,600.2,597.75,609.5,608.35,606.56,679.4,268.3,21527318,"13,057,503,875.95",219929
2-Mar-21,EQ,610,616.5,599,608.35,610.95,610.5,607.95,679.4,268.3,24051433,"14,622,017,839.70",260670
3-Mar-21,EQ,618,633.75,613.85,610.5,632,632.1,624.94,679.4,268.3,21036174,"13,146,299,781.80",250356
4-Mar-21,EQ,618.75,630.9,615.8,632.1,621.8,620.75,622.95,679.4,268.3,25057198,"15,609,365,245.90",215674
5-Mar-21,EQ,613.2,614.7,601.5,620.75,611.6,609.45,609.04,679.4,268.3,26645968,"16,228,593,296.85",264631
8-Mar-21,EQ,611.6,616,601.15,609.45,608.5,608.05,608.71,679.4,268.3,19632433,"11,950,480,654.15",214377
9-Mar-21,EQ,614.85,628.35,612.3,608.05,624.05,625.1,621.7,679.4,268.3,23056249,"14,334,009,874.20",233565
10-Mar-21,EQ,628.75,630.5,621.8,625.1,626,625.6,625.75,679.4,268.3,15838994,"9,911,205,255.50",177498
12-Mar-21,EQ,631.45,638,608.35,625.6,613.45,612.85,623.16,679.4,268.3,21757862,"13,558,633,223.80",225340
15-Mar-21,EQ,611.9,612.85,590.6,612.85,603.65,603.5,598.88,679.4,268.3,24348723,"14,581,910,855.60",370051
16-Mar-21,EQ,606.85,607,593.65,603.5,594.6,594.95,600.09,679.4,268.3,17925629,"10,756,950,881.05",237835
17-Mar-21,EQ,597.55,603.65,587,594.95,587,589.5,595.15,679.4,268.3,20214082,"12,030,373,191.80",268521
18-Mar-21,EQ,594.75,601.4,575.5,589.5,579.8,578.6,587.32,679.4,268.3,22776537,"13,377,049,401.45",286561
19-Mar-21,EQ,575.2,588.9,570,578.6,587,586.65,578.57,679.4,268.3,29162618,"16,872,701,100.35",323501
22-Mar-21,EQ,586.85,586.85,569.5,586.65,573.7,573.45,575.8,679.4,268.3,21755401,"12,526,811,418.15",307965
23-Mar-21,EQ,576,589.25,574.3,573.45,586,586.4,580.73,679.4,268.3,29486417,"17,123,780,305.70",291301
24-Mar-21,EQ,580,580.55,565,586.4,569.2,567.5,571.59,679.4,268.3,24434219,"13,966,344,622.90",304673
25-Mar-21,EQ,568.1,579,557.1,567.5,570.6,571.55,568.55,679.4,268.3,27170186,"15,447,475,648.45",279750
26-Mar-21,EQ,584.5,584.5,574.3,571.55,580,578.55,579.48,679.4,268.3,20724410,"12,009,450,634.75",284259
30-Mar-21,EQ,582,593.1,582,578.55,591.6,591.45,588.45,679.4,281.5,28012288,"16,483,928,472.75",266625
31-Mar-21,EQ,586,589.65,579,591.45,582.75,582.1,582.19,679.4,281.5,20119972,"11,713,704,269.00",236863
1-Apr-21,EQ,587.55,596.1,580.2,582.1,594.75,594.4,587.17,679.4,281.5,15631940,"9,178,664,015.45",187284
5-Apr-21,EQ,592,592,563.5,594.4,572,571.25,572.46,679.4,285.55,23260127,"13,315,445,012.40",269197
6-Apr-21,EQ,574.7,578.5,564.4,571.25,567.35,565.9,569.36,679.4,285.55,23284697,"13,257,425,168.95",283888
7-Apr-21,EQ,566.55,580,559.4,565.9,576.75,577.65,573.84,679.4,285.55,23984399,"13,763,272,230.65",220773
8-Apr-21,EQ,582,585.85,573.3,577.65,576.7,576.7,579.98,679.4,285.55,19262565,"11,171,947,280.95",205706
9-Apr-21,EQ,573.95,579,565,576.7,565.95,566.2,570.46,679.4,285.55,23239564,"13,257,191,549.10",259880
12-Apr-21,EQ,551.4,551.95,531.15,566.2,540.9,538.55,540.9,679.4,285.55,26601702,"14,388,943,655.15",391762
13-Apr-21,EQ,541,563.8,537.85,538.55,559.6,560.6,554.46,679.4,285.55,25445897,"14,108,659,844.50",298088
15-Apr-21,EQ,565.95,576.75,554.15,560.6,575.75,575.2,567.41,679.4,285.55,37614884,"21,343,080,263.80",319800
16-Apr-21,EQ,574.6,577.75,564.1,575.2,565.05,566.95,569.62,679.4,285.55,24045008,"13,696,611,657.20",259366
19-Apr-21,EQ,550,562.3,534.4,566.95,560.4,559.75,547.46,679.4,285.55,28526176,"15,616,832,079.60",301440
20-Apr-21,EQ,565.2,572.65,552.6,559.75,558.4,559.1,562.91,679.4,285.55,24425842,"13,749,461,212.45",265471
22-Apr-21,EQ,552,580.6,546.9,559.1,578.4,579.2,570.14,679.4,285.55,34942633,"19,922,190,837.65",340989
23-Apr-21,EQ,569.9,580.5,567.05,579.2,567.5,569.95,572.81,679.4,285.55,33749097,"19,331,670,490.25",364665
